TimePeriod,GeoType,GeoID,GeoRank,Geography,Estimated annual number,"Estimated annual rate per 100,000 adults",Unnamed: 7,Zip Codes
2017-2019,UHF42,101,4,Kingsbridge - Riverdale,7,9,0,"10463, 10471"
2017-2019,UHF42,102,4,Northeast Bronx,16,10,0,"10466, 10469, 10470, 10475"
2017-2019,UHF42,103,4,Fordham - Bronx Pk,23,11,0,"10458, 10460, 10467, 10468"
2017-2019,UHF42,104,4,Pelham - Throgs Neck,24,10,0,"10461, 10462, 10464, 10465"
2017-2019,UHF42,105,4,Crotona -Tremont,20,13,0,"10453, 10457, 10459, 10460"
2017-2019,UHF42,106,4,High Bridge - Morrisania,23,15,0,"10451, 10452, 10456"
2017-2019,UHF42,107,4,Hunts Point - Mott Haven,16,15,0,"10454, 10455, 10459, 10474"
2017-2019,UHF42,201,4,Greenpoint,3,4,0,"11211, 11222"
2017-2019,UHF42,202,4,Downtown - Heights - Slope,13,6,0,"11201, 11205, 11215, 11217, 11231"
2017-2019,UHF42,203,4,Bedford Stuyvesant - Crown Heights,21,8,0,"11213, 11216, 11233, 11238"
2017-2019,UHF42,204,4,East New York,12,9,0,"11207, 11208"
2017-2019,UHF42,205,4,Sunset Park,6,6,0,"11220, 11232"
2017-2019,UHF42,206,4,Borough Park,14,6,0,"11204, 11218, 11219"
2017-2019,UHF42,207,4,East Flatbush - Flatbush,15,6,0,"11203, 11210, 11225, 11226"
2017-2019,UHF42,208,4,Canarsie - Flatlands,13,8,0,"11234, 11236, 11239"
2017-2019,UHF42,209,4,Bensonhurst - Bay Ridge,11,6,0,"11209, 11214, 11228"
2017-2019,UHF42,210,4,Coney Island - Sheepshead Bay,24,10,0,"11223, 11224, 11229, 11235"
2017-2019,UHF42,211,4,Williamsburg - Bushwick,13,8,0,"11206, 11211, 11221, 11237"
2017-2019,UHF42,301,4,Washington Heights,14,6,0,"10031, 10032, 10033, 10034, 10040"
2017-2019,UHF42,302,4,Central Harlem - Morningside Heights,12,8,0,"10026, 10027, 10030, 10037, 10039"
2017-2019,UHF42,303,4,East Harlem,9,10,0,"10029, 10035"
2017-2019,UHF42,304,4,Upper West Side,9,5,0,"10023, 10024, 10025"
2017-2019,UHF42,305,4,Upper East Side,9,5,0,"10021, 10028, 10044, 10065, 10075, 10128"
2017-2019,UHF42,306,4,Chelsea - Clinton,7,4,0,"10001, 10011, 10018, 10019, 10036"
2017-2019,UHF42,307,4,Gramercy Park - Murray Hill,6,5,0,"10010, 10016, 10017"
2017-2019,UHF42,308,4,Greenwich Village - SoHo,2,3,0,"10012, 10013, 10014"
2017-2019,UHF42,309,4,Union Square - Lower East Side,12,7,0,"10002, 10003, 10009"
2017-2019,UHF42,310,4,Lower Manhattan,3,4,0,"10004, 10005, 10006, 10007, 10038, 10280"
2017-2019,UHF42,401,4,Long Island City - Astoria,10,5,0,"11101, 11102, 11103, 11106"
2017-2019,UHF42,402,4,West Queens,20,5,0,"11374, 11375, 11378, 11379, 11385"
2017-2019,UHF42,403,4,Flushing - Clearview,12,5,0,"11354, 11355, 11356, 11357, 11358, 11360"
2017-2019,UHF42,404,4,Bayside - Little Neck,2,2,0,"11361, 11362, 11363, 11364"
2017-2019,UHF42,405,4,Ridgewood - Forest Hills,12,5,0,"11375, 11379, 11385"
2017-2019,UHF42,406,4,Fresh Meadows,4,5,0,"11365, 11366"
2017-2019,UHF42,407,4,Southwest Queens,12,5,0,"11414, 11415, 11416, 11417, 11418, 11419, 11420, 11421"
2017-2019,UHF42,408,4,Jamaica,16,6,0,"11412, 11423, 11432, 11433, 11434, 11435, 11436"
2017-2019,UHF42,409,4,Southeast Queens,6,3,0,"11004, 11005, 11411, 11412, 11413, 11422, 11426, 11427, 11428, 11429"
2017-2019,UHF42,410,4,Rockaways,10,10,0,"11691, 11692, 11693, 11694, 11697"
2017-2019,UHF42,501,4,Port Richmond,5,10,0,"10302, 10303, 10310"
2017-2019,UHF42,502,4,Stapleton - St. George,12,12,0,"10301, 10304, 10305"
2017-2019,UHF42,503,4,Willowbrook,8,10,0,10314
2017-2019,UHF42,504,4,South Beach - Tottenville,15,10,0,"10306, 10307, 10308, 10309, 10312"
2017-2019,Borough,1,1,Bronx,130,12,0,"10451, 10452, 10453, 10454, 10455, 10456, 10457, 10458, 10459, 10460, 10461, 10462, 10463, 10464, 10465, 10466, 10467, 10468, 10469, 10470, 10471, 10472, 10473, 10474, 10475"
2017-2019,Borough,2,1,Brooklyn,145,7,0,"11201, 11203, 11204, 11205, 11206, 11207, 11208, 11209, 11210, 11211, 11212, 11213, 11214, 11215, 11216, 11217, 11218, 11219, 11220, 11221, 11222, 11223, 11224, 11225, 11226, 11228, 11229, 11230, 11231, 11232, 11233, 11234, 11235, 11236, 11237, 11238, 11239, 11249"
2017-2019,Borough,3,1,Manhattan,83,6,0,"10001, 10002, 10003, 10004, 10005, 10006, 10007, 10009, 10010, 10011, 10012, 10013, 10014, 10016, 10017, 10018, 10019, 10020, 10021, 10022, 10023, 10024, 10025, 10026, 10027, 10028, 10029, 10030, 10031, 10032, 10033, 10034, 10035, 10036, 10037, 10038, 10039, 10040, 10044, 10048, 10065, 10075, 10128, 10280, 10282"
2017-2019,Borough,4,1,Queens,102,5,0,"11001, 11004, 11005, 11101, 11102, 11103, 11104, 11105, 11106, 11109, 11351, 11354, 11355, 11356, 11357, 11358, 11359, 11360, 11361, 11362, 11363, 11364, 11365, 11366, 11367, 11368, 11369, 11370, 11371, 11372, 11373, 11374, 11375, 11377, 11378, 11379, 11385, 11411, 11412, 11413, 11414, 11415, 11416, 11417, 11418, 11419, 11420, 11421, 11422, 11423, 11426, 11427, 11428, 11429, 11430, 11432, 11433, 11434, 11435, 11436, 11691, 11692, 11693, 11694, 11697"
2017-2019,Borough,5,1,Staten Island,40,10,0,"10301, 10302, 10303, 10304, 10305, 10306, 10307, 10308, 10309, 10310, 10312, 10314"
2017-2019,Citywide,1,0,New York City,499,7,0,"10001-10475, 11004-11109, 11354-11436, 11691-11697"
2015-2017,UHF42,101,4,Kingsbridge - Riverdale,10.9,14.8,0,"10463, 10471"
2015-2017,UHF42,102,4,Northeast Bronx,24.1,15.4,0,"10466, 10469, 10470, 10475"
2015-2017,UHF42,103,4,Fordham - Bronx Pk,36.5,19.4,0,"10458, 10460, 10467, 10468"
2015-2017,UHF42,104,4,Pelham - Throgs Neck,36.8,15.9,0,"10461, 10462, 10464, 10465"
2015-2017,UHF42,105,4,Crotona -Tremont,32.4,21.4,0,"10453, 10457, 10459, 10460"
2015-2017,UHF42,106,4,High Bridge - Morrisania,39.7,25.8,0,"10451, 10452, 10456"
2015-2017,UHF42,107,4,Hunts Point - Mott Haven,26.7,26.5,0,"10454, 10455, 10459, 10474"
2015-2017,UHF42,201,4,Greenpoint,6.9,6.6,0,"11211, 11222"
2015-2017,UHF42,202,4,Downtown - Heights - Slope,16.2,7.8,0,"11201, 11205, 11215, 11217, 11231"
2015-2017,UHF42,203,4,Bedford Stuyvesant - Crown Heights,31.3,12.4,0,"11213, 11216, 11233, 11238"
2015-2017,UHF42,204,4,East New York,17.7,13.2,0,"11207, 11208"
2015-2017,UHF42,205,4,Sunset Park,7.3,7.4,0,"11220, 11232"
2015-2017,UHF42,206,4,Borough Park,20.9,8.8,0,"11204, 11218, 11219"
2015-2017,UHF42,207,4,East Flatbush - Flatbush,22.8,9.7,0,"11203, 11210, 11225, 11226"
2015-2017,UHF42,208,4,Canarsie - Flatlands,18.9,11.9,0,"11234, 11236, 11239"
2015-2017,UHF42,209,4,Bensonhurst - Bay Ridge,14.7,8.9,0,"11209, 11214, 11228"
2015-2017,UHF42,210,4,Coney Island - Sheepshead Bay,33.4,14.7,0,"11223, 11224, 11229, 11235"
2015-2017,UHF42,211,4,Williamsburg - Bushwick,18,11,0,"11206, 11211, 11221, 11237"
2015-2017,UHF42,301,4,Washington Heights,22.7,10.3,0,"10031, 10032, 10033, 10034, 10040"
2015-2017,UHF42,302,4,Central Harlem - Morningside Heights,20.9,14.9,0,"10026, 10027, 10030, 10037, 10039"
2015-2017,UHF42,303,4,East Harlem,18,20.3,0,"10029, 10035"
2015-2017,UHF42,304,4,Upper West Side,15.9,8.5,0,"10023, 10024, 10025"
2015-2017,UHF42,305,4,Upper East Side,12.7,6.7,0,"10021, 10028, 10044, 10065, 10075, 10128"
2015-2017,UHF42,306,4,Chelsea - Clinton,9.8,6.9,0,"10001, 10011, 10018, 10019, 10036"
2015-2017,UHF42,307,4,Gramercy Park - Murray Hill,8.2,6.9,0,"10010, 10016, 10017"
2015-2017,UHF42,308,4,Greenwich Village - SoHo,3.5,4.7,0,"10012, 10013, 10014"
2015-2017,UHF42,309,4,Union Square - Lower East Side,17.7,10.7,0,"10002, 10003, 10009"
2015-2017,UHF42,310,4,Lower Manhattan,3.3,6.6,0,"10004, 10005, 10006, 10007, 10038, 10280"
2015-2017,UHF42,401,4,Long Island City - Astoria,16.8,9.3,0,"11101, 11102, 11103, 11106"
2015-2017,UHF42,402,4,West Queens,31.6,8.6,0,"11374, 11375, 11378, 11379, 11385"
2015-2017,UHF42,403,4,Flushing - Clearview,22,10.2,0,"11354, 11355, 11356, 11357, 11358, 11360"
2015-2017,UHF42,404,4,Bayside - Little Neck,5.9,8.2,0,"11361, 11362, 11363, 11364"
2015-2017,UHF42,405,4,Ridgewood - Forest Hills,20.3,10,0,"11375, 11379, 11385"
2015-2017,UHF42,406,4,Fresh Meadows,6.7,8.5,0,"11365, 11366"
2015-2017,UHF42,407,4,Southwest Queens,19.9,9,0,"11414, 11415, 11416, 11417, 11418, 11419, 11420, 11421"
2015-2017,UHF42,408,4,Jamaica,25.9,10.5,0,"11412, 11423, 11432, 11433, 11434, 11435, 11436"
2015-2017,UHF42,409,4,Southeast Queens,13.9,8.2,0,"11004, 11005, 11411, 11412, 11413, 11422, 11426, 11427, 11428, 11429"
2015-2017,UHF42,410,4,Rockaways,15.1,16.9,0,"11691, 11692, 11693, 11694, 11697"
2015-2017,UHF42,501,4,Port Richmond,8.3,17.4,0,"10302, 10303, 10310"
2015-2017,UHF42,502,4,Stapleton - St. George,16.7,17.6,0,"10301, 10304, 10305"
2015-2017,UHF42,503,4,Willowbrook,9.8,14.1,0,10314
2015-2017,UHF42,504,4,South Beach - Tottenville,19.3,12.9,0,"10306, 10307, 10308, 10309, 10312"
2015-2017,Borough,1,1,Bronx,207.1,19.6,0,"10451, 10452, 10453, 10454, 10455, 10456, 10457, 10458, 10459, 10460, 10461, 10462, 10463, 10464, 10465, 10466, 10467, 10468, 10469, 10470, 10471, 10472, 10473, 10474, 10475"
2015-2017,Borough,2,1,Brooklyn,208.1,10.5,0,"11201, 11203, 11204, 11205, 11206, 11207, 11208, 11209, 11210, 11211, 11212, 11213, 11214, 11215, 11216, 11217, 11218, 11219, 11220, 11221, 11222, 11223, 11224, 11225, 11226, 11228, 11229, 11230, 11231, 11232, 11233, 11234, 11235, 11236, 11237, 11238, 11239, 11249"
2015-2017,Borough,3,1,Manhattan,132.6,9.6,0,"10001, 10002, 10003, 10004, 10005, 10006, 10007, 10009, 10010, 10011, 10012, 10013, 10014, 10016, 10017, 10018, 10019, 10020, 10021, 10022, 10023, 10024, 10025, 10026, 10027, 10028, 10029, 10030, 10031, 10032, 10033, 10034, 10035, 10036, 10037, 10038, 10039, 10040, 10044, 10048, 10065, 10075, 10128, 10280, 10282"
2015-2017,Borough,4,1,Queens,178,9.6,0,"11001, 11004, 11005, 11101, 11102, 11103, 11104, 11105, 11106, 11109, 11351, 11354, 11355, 11356, 11357, 11358, 11359, 11360, 11361, 11362, 11363, 11364, 11365, 11366, 11367, 11368, 11369, 11370, 11371, 11372, 11373, 11374, 11375, 11377, 11378, 11379, 11385, 11411, 11412, 11413, 11414, 11415, 11416, 11417, 11418, 11419, 11420, 11421, 11422, 11423, 11426, 11427, 11428, 11429, 11430, 11432, 11433, 11434, 11435, 11436, 11691, 11692, 11693, 11694, 11697"
2015-2017,Borough,5,1,Staten Island,54.1,15,0,"10301, 10302, 10303, 10304, 10305, 10306, 10307, 10308, 10309, 10310, 10312, 10314"
2015-2017,Citywide,1,0,New York City,779.9,11.8,0,"10001-10475, 11004-11109, 11354-11436, 11691-11697"
2012-2014,UHF42,101,4,Kingsbridge - Riverdale,9.9,13.8,0,"10463, 10471"
2012-2014,UHF42,102,4,Northeast Bronx,20.7,14.2,0,"10466, 10469, 10470, 10475"
2012-2014,UHF42,103,4,Fordham - Bronx Pk,31.3,17.1,0,"10458, 10460, 10467, 10468"
2012-2014,UHF42,104,4,Pelham - Throgs Neck,31.2,13.9,0,"10461, 10462, 10464, 10465"
2012-2014,UHF42,105,4,Crotona -Tremont,29.9,20.8,0,"10453, 10457, 10459, 10460"
2012-2014,UHF42,106,4,High Bridge - Morrisania,34.4,23.5,0,"10451, 10452, 10456"
2012-2014,UHF42,107,4,Hunts Point - Mott Haven,24.5,25.5,0,"10454, 10455, 10459, 10474"
2012-2014,UHF42,201,4,Greenpoint,8.2,8.2,0,"11211, 11222"
2012-2014,UHF42,202,4,Downtown - Heights - Slope,19,10.2,0,"11201, 11205, 11215, 11217, 11231"
2012-2014,UHF42,203,4,Bedford Stuyvesant - Crown Heights,33.7,14.1,0,"11213, 11216, 11233, 11238"
2012-2014,UHF42,204,4,East New York,18.3,14,0,"11207, 11208"
2012-2014,UHF42,205,4,Sunset Park,9.5,9.4,0,"11220, 11232"
2012-2014,UHF42,206,4,Borough Park,21.7,9.1,0,"11204, 11218, 11219"
2012-2014,UHF42,207,4,East Flatbush - Flatbush,24,10.6,0,"11203, 11210, 11225, 11226"
2012-2014,UHF42,208,4,Canarsie - Flatlands,16.5,11.1,0,"11234, 11236, 11239"
2012-2014,UHF42,209,4,Bensonhurst - Bay Ridge,15.4,8.9,0,"11209, 11214, 11228"
2012-2014,UHF42,210,4,Coney Island - Sheepshead Bay,32.3,13.7,0,"11223, 11224, 11229, 11235"
2012-2014,UHF42,211,4,Williamsburg - Bushwick,24.4,15.9,0,"11206, 11211, 11221, 11237"
2012-2014,UHF42,301,4,Washington Heights,21.1,10.5,0,"10031, 10032, 10033, 10034, 10040"
2012-2014,UHF42,302,4,Central Harlem - Morningside Heights,20.9,16.5,0,"10026, 10027, 10030, 10037, 10039"
2012-2014,UHF42,303,4,East Harlem,19,22.2,0,"10029, 10035"
2012-2014,UHF42,304,4,Upper West Side,19.3,10.2,0,"10023, 10024, 10025"
2012-2014,UHF42,305,4,Upper East Side,16.2,8.4,0,"10021, 10028, 10044, 10065, 10075, 10128"
2012-2014,UHF42,306,4,Chelsea - Clinton,12.6,9.4,0,"10001, 10011, 10018, 10019, 10036"
2012-2014,UHF42,307,4,Gramercy Park - Murray Hill,11,8.9,0,"10010, 10016, 10017"
2012-2014,UHF42,308,4,Greenwich Village - SoHo,4,5.3,0,"10012, 10013, 10014"
2012-2014,UHF42,309,4,Union Square - Lower East Side,20.5,12,0,"10002, 10003, 10009"
2012-2014,UHF42,310,4,Lower Manhattan,2.8,6.1,0,"10004, 10005, 10006, 10007, 10038, 10280"
2012-2014,UHF42,401,4,Long Island City - Astoria,17.4,9.8,0,"11101, 11102, 11103, 11106"
2012-2014,UHF42,402,4,West Queens,29.1,7.5,0,"11374, 11375, 11378, 11379, 11385"
2012-2014,UHF42,403,4,Flushing - Clearview,19.3,8.9,0,"11354, 11355, 11356, 11357, 11358, 11360"
2012-2014,UHF42,404,4,Bayside - Little Neck,5,7,0,"11361, 11362, 11363, 11364"
2012-2014,UHF42,405,4,Ridgewood - Forest Hills,20.9,10.7,0,"11375, 11379, 11385"
2012-2014,UHF42,406,4,Fresh Meadows,6.1,8.1,0,"11365, 11366"
2012-2014,UHF42,407,4,Southwest Queens,16.9,8.3,0,"11414, 11415, 11416, 11417, 11418, 11419, 11420, 11421"
2012-2014,UHF42,408,4,Jamaica,21.9,9.8,0,"11412, 11423, 11432, 11433, 11434, 11435, 11436"
2012-2014,UHF42,409,4,Southeast Queens,10.7,6.9,0,"11004, 11005, 11411, 11412, 11413, 11422, 11426, 11427, 11428, 11429"
2012-2014,UHF42,410,4,Rockaways,8.4,10.2,0,"11691, 11692, 11693, 11694, 11697"
2012-2014,UHF42,501,4,Port Richmond,7,14,0,"10302, 10303, 10310"
2012-2014,UHF42,502,4,Stapleton - St. George,15.2,16.2,0,"10301, 10304, 10305"
2012-2014,UHF42,503,4,Willowbrook,9,13.5,0,10314
2012-2014,UHF42,504,4,South Beach - Tottenville,17,11.8,0,"10306, 10307, 10308, 10309, 10312"
2012-2014,Borough,1,1,Bronx,182,18,0,"10451, 10452, 10453, 10454, 10455, 10456, 10457, 10458, 10459, 10460, 10461, 10462, 10463, 10464, 10465, 10466, 10467, 10468, 10469, 10470, 10471, 10472, 10473, 10474, 10475"
2012-2014,Borough,2,1,Brooklyn,222.9,11.5,0,"11201, 11203, 11204, 11205, 11206, 11207, 11208, 11209, 11210, 11211, 11212, 11213, 11214, 11215, 11216, 11217, 11218, 11219, 11220, 11221, 11222, 11223, 11224, 11225, 11226, 11228, 11229, 11230, 11231, 11232, 11233, 11234, 11235, 11236, 11237, 11238, 11239, 11249"
2012-2014,Borough,3,1,Manhattan,147.5,10.9,0,"10001, 10002, 10003, 10004, 10005, 10006, 10007, 10009, 10010, 10011, 10012, 10013, 10014, 10016, 10017, 10018, 10019, 10020, 10021, 10022, 10023, 10024, 10025, 10026, 10027, 10028, 10029, 10030, 10031, 10032, 10033, 10034, 10035, 10036, 10037, 10038, 10039, 10040, 10044, 10048, 10065, 10075, 10128, 10280, 10282"
2012-2014,Borough,4,1,Queens,155.6,8.7,0,"11001, 11004, 11005, 11101, 11102, 11103, 11104, 11105, 11106, 11109, 11351, 11354, 11355, 11356, 11357, 11358, 11359, 11360, 11361, 11362, 11363, 11364, 11365, 11366, 11367, 11368, 11369, 11370, 11371, 11372, 11373, 11374, 11375, 11377, 11378, 11379, 11385, 11411, 11412, 11413, 11414, 11415, 11416, 11417, 11418, 11419, 11420, 11421, 11422, 11423, 11426, 11427, 11428, 11429, 11430, 11432, 11433, 11434, 11435, 11436, 11691, 11692, 11693, 11694, 11697"
2012-2014,Borough,5,1,Staten Island,48.3,13.6,0,"10301, 10302, 10303, 10304, 10305, 10306, 10307, 10308, 10309, 10310, 10312, 10314"
2012-2014,Citywide,1,0,New York City,756.3,11.7,0,"10001-10475, 11004-11109, 11354-11436, 11691-11697"
2009-2011,UHF42,101,4,Kingsbridge - Riverdale,13.2,,0,"10463, 10471"
2009-2011,UHF42,102,4,Northeast Bronx,26.1,,0,"10466, 10469, 10470, 10475"
2009-2011,UHF42,103,4,Fordham - Bronx Pk,35.6,,0,"10458, 10460, 10467, 10468"
2009-2011,UHF42,104,4,Pelham - Throgs Neck,42.7,,0,"10461, 10462, 10464, 10465"
2009-2011,UHF42,105,4,Crotona -Tremont,34,,0,"10453, 10457, 10459, 10460"
2009-2011,UHF42,106,4,High Bridge - Morrisania,38.2,,0,"10451, 10452, 10456"
2009-2011,UHF42,107,4,Hunts Point - Mott Haven,27.2,,0,"10454, 10455, 10459, 10474"
2009-2011,UHF42,201,4,Greenpoint,9.6,,0,"11211, 11222"
2009-2011,UHF42,202,4,Downtown - Heights - Slope,23.3,,0,"11201, 11205, 11215, 11217, 11231"
2009-2011,UHF42,203,4,Bedford Stuyvesant - Crown Heights,37.9,,0,"11213, 11216, 11233, 11238"
2009-2011,UHF42,204,4,East New York,17.7,,0,"11207, 11208"
2009-2011,UHF42,205,4,Sunset Park,11.8,,0,"11220, 11232"
2009-2011,UHF42,206,4,Borough Park,26.9,,0,"11204, 11218, 11219"
2009-2011,UHF42,207,4,East Flatbush - Flatbush,23.1,,0,"11203, 11210, 11225, 11226"
2009-2011,UHF42,208,4,Canarsie - Flatlands,17.9,,0,"11234, 11236, 11239"
2009-2011,UHF42,209,4,Bensonhurst - Bay Ridge,17.3,,0,"11209, 11214, 11228"
2009-2011,UHF42,210,4,Coney Island - Sheepshead Bay,35.7,,0,"11223, 11224, 11229, 11235"
2009-2011,UHF42,211,4,Williamsburg - Bushwick,27,,0,"11206, 11211, 11221, 11237"
2009-2011,UHF42,301,4,Washington Heights,24.1,,0,"10031, 10032, 10033, 10034, 10040"
2009-2011,UHF42,302,4,Central Harlem - Morningside Heights,23.2,,0,"10026, 10027, 10030, 10037, 10039"
2009-2011,UHF42,303,4,East Harlem,24,,0,"10029, 10035"
2009-2011,UHF42,304,4,Upper West Side,21.4,,0,"10023, 10024, 10025"
2009-2011,UHF42,305,4,Upper East Side,17.3,,0,"10021, 10028, 10044, 10065, 10075, 10128"
2009-2011,UHF42,306,4,Chelsea - Clinton,11.7,,0,"10001, 10011, 10018, 10019, 10036"
2009-2011,UHF42,307,4,Gramercy Park - Murray Hill,10.4,,0,"10010, 10016, 10017"
2009-2011,UHF42,308,4,Greenwich Village - SoHo,4,,0,"10012, 10013, 10014"
2009-2011,UHF42,309,4,Union Square - Lower East Side,25.7,,0,"10002, 10003, 10009"
2009-2011,UHF42,310,4,Lower Manhattan,2.6,,0,"10004, 10005, 10006, 10007, 10038, 10280"
2009-2011,UHF42,401,4,Long Island City - Astoria,22.2,,0,"11101, 11102, 11103, 11106"
2009-2011,UHF42,402,4,West Queens,36.4,,0,"11374, 11375, 11378, 11379, 11385"
2009-2011,UHF42,403,4,Flushing - Clearview,23.5,,0,"11354, 11355, 11356, 11357, 11358, 11360"
2009-2011,UHF42,404,4,Bayside - Little Neck,7.1,,0,"11361, 11362, 11363, 11364"
2009-2011,UHF42,405,4,Ridgewood - Forest Hills,23.9,,0,"11375, 11379, 11385"
2009-2011,UHF42,406,4,Fresh Meadows,7.1,,0,"11365, 11366"
2009-2011,UHF42,407,4,Southwest Queens,20.5,,0,"11414, 11415, 11416, 11417, 11418, 11419, 11420, 11421"
2009-2011,UHF42,408,4,Jamaica,26.9,,0,"11412, 11423, 11432, 11433, 11434, 11435, 11436"
2009-2011,UHF42,409,4,Southeast Queens,14.8,,0,"11004, 11005, 11411, 11412, 11413, 11422, 11426, 11427, 11428, 11429"
2009-2011,UHF42,410,4,Rockaways,15.3,,0,"11691, 11692, 11693, 11694, 11697"
2009-2011,UHF42,501,4,Port Richmond,8,,0,"10302, 10303, 10310"
2009-2011,UHF42,502,4,Stapleton - St. George,15.8,,0,"10301, 10304, 10305"
2009-2011,UHF42,503,4,Willowbrook,8.8,,0,10314
2009-2011,UHF42,504,4,South Beach - Tottenville,16.7,,0,"10306, 10307, 10308, 10309, 10312"
2009-2011,Borough,1,1,Bronx,217,20.6,0,"10451, 10452, 10453, 10454, 10455, 10456, 10457, 10458, 10459, 10460, 10461, 10462, 10463, 10464, 10465, 10466, 10467, 10468, 10469, 10470, 10471, 10472, 10473, 10474, 10475"
2009-2011,Borough,2,1,Brooklyn,248.3,13.3,0,"11201, 11203, 11204, 11205, 11206, 11207, 11208, 11209, 11210, 11211, 11212, 11213, 11214, 11215, 11216, 11217, 11218, 11219, 11220, 11221, 11222, 11223, 11224, 11225, 11226, 11228, 11229, 11230, 11231, 11232, 11233, 11234, 11235, 11236, 11237, 11238, 11239, 11249"
2009-2011,Borough,3,1,Manhattan,164.6,12.6,0,"10001, 10002, 10003, 10004, 10005, 10006, 10007, 10009, 10010, 10011, 10012, 10013, 10014, 10016, 10017, 10018, 10019, 10020, 10021, 10022, 10023, 10024, 10025, 10026, 10027, 10028, 10029, 10030, 10031, 10032, 10033, 10034, 10035, 10036, 10037, 10038, 10039, 10040, 10044, 10048, 10065, 10075, 10128, 10280, 10282"
2009-2011,Borough,4,1,Queens,197.8,11.4,0,"11001, 11004, 11005, 11101, 11102, 11103, 11104, 11105, 11106, 11109, 11351, 11354, 11355, 11356, 11357, 11358, 11359, 11360, 11361, 11362, 11363, 11364, 11365, 11366, 11367, 11368, 11369, 11370, 11371, 11372, 11373, 11374, 11375, 11377, 11378, 11379, 11385, 11411, 11412, 11413, 11414, 11415, 11416, 11417, 11418, 11419, 11420, 11421, 11422, 11423, 11426, 11427, 11428, 11429, 11430, 11432, 11433, 11434, 11435, 11436, 11691, 11692, 11693, 11694, 11697"
2009-2011,Borough,5,1,Staten Island,49.4,14.2,0,"10301, 10302, 10303, 10304, 10305, 10306, 10307, 10308, 10309, 10310, 10312, 10314"
2009-2011,Citywide,1,0,New York City,877.1,14.1,0,"10001-10475, 11004-11109, 11354-11436, 11691-11697"
2005-2007,UHF42,101,4,Kingsbridge - Riverdale,18.6,,0,"10463, 10471"
2005-2007,UHF42,102,4,Northeast Bronx,35,,0,"10466, 10469, 10470, 10475"
2005-2007,UHF42,103,4,Fordham - Bronx Pk,47.9,,0,"10458, 10460, 10467, 10468"
2005-2007,UHF42,104,4,Pelham - Throgs Neck,51,,0,"10461, 10462, 10464, 10465"
2005-2007,UHF42,105,4,Crotona -Tremont,44.1,,0,"10453, 10457, 10459, 10460"
2005-2007,UHF42,106,4,High Bridge - Morrisania,53.8,,0,"10451, 10452, 10456"
2005-2007,UHF42,107,4,Hunts Point - Mott Haven,34.2,,0,"10454, 10455, 10459, 10474"
2005-2007,UHF42,201,4,Greenpoint,16.1,,0,"11211, 11222"
2005-2007,UHF42,202,4,Downtown - Heights - Slope,35.6,,0,"11201, 11205, 11215, 11217, 11231"
2005-2007,UHF42,203,4,Bedford Stuyvesant - Crown Heights,52.5,,0,"11213, 11216, 11233, 11238"
2005-2007,UHF42,204,4,East New York,23.7,,0,"11207, 11208"
2005-2007,UHF42,205,4,Sunset Park,15.4,,0,"11220, 11232"
2005-2007,UHF42,206,4,Borough Park,39.3,,0,"11204, 11218, 11219"
2005-2007,UHF42,207,4,East Flatbush - Flatbush,29.3,,0,"11203, 11210, 11225, 11226"
2005-2007,UHF42,208,4,Canarsie - Flatlands,22.2,,0,"11234, 11236, 11239"
2005-2007,UHF42,209,4,Bensonhurst - Bay Ridge,26.2,,0,"11209, 11214, 11228"
2005-2007,UHF42,210,4,Coney Island - Sheepshead Bay,50.1,,0,"11223, 11224, 11229, 11235"
2005-2007,UHF42,211,4,Williamsburg - Bushwick,41.5,,0,"11206, 11211, 11221, 11237"
2005-2007,UHF42,301,4,Washington Heights,39.7,,0,"10031, 10032, 10033, 10034, 10040"
2005-2007,UHF42,302,4,Central Harlem - Morningside Heights,32,,0,"10026, 10027, 10030, 10037, 10039"
2005-2007,UHF42,303,4,East Harlem,34.3,,0,"10029, 10035"
2005-2007,UHF42,304,4,Upper West Side,30.4,,0,"10023, 10024, 10025"
2005-2007,UHF42,305,4,Upper East Side,22.3,,0,"10021, 10028, 10044, 10065, 10075, 10128"
2005-2007,UHF42,306,4,Chelsea - Clinton,16.3,,0,"10001, 10011, 10018, 10019, 10036"
2005-2007,UHF42,307,4,Gramercy Park - Murray Hill,15.5,,0,"10010, 10016, 10017"
2005-2007,UHF42,308,4,Greenwich Village - SoHo,4.7,,0,"10012, 10013, 10014"
2005-2007,UHF42,309,4,Union Square - Lower East Side,37.7,,0,"10002, 10003, 10009"
2005-2007,UHF42,310,4,Lower Manhattan,4.5,,0,"10004, 10005, 10006, 10007, 10038, 10280"
2005-2007,UHF42,401,4,Long Island City - Astoria,29,,0,"11101, 11102, 11103, 11106"
2005-2007,UHF42,402,4,West Queens,47.9,,0,"11374, 11375, 11378, 11379, 11385"
2005-2007,UHF42,403,4,Flushing - Clearview,31.6,,0,"11354, 11355, 11356, 11357, 11358, 11360"
2005-2007,UHF42,404,4,Bayside - Little Neck,10.4,,0,"11361, 11362, 11363, 11364"
2005-2007,UHF42,405,4,Ridgewood - Forest Hills,33.5,,0,"11375, 11379, 11385"
2005-2007,UHF42,406,4,Fresh Meadows,10.6,,0,"11365, 11366"
2005-2007,UHF42,407,4,Southwest Queens,26.5,,0,"11414, 11415, 11416, 11417, 11418, 11419, 11420, 11421"
2005-2007,UHF42,408,4,Jamaica,37.5,,0,"11412, 11423, 11432, 11433, 11434, 11435, 11436"
2005-2007,UHF42,409,4,Southeast Queens,19.4,,0,"11004, 11005, 11411, 11412, 11413, 11422, 11426, 11427, 11428, 11429"
2005-2007,UHF42,410,4,Rockaways,23,,0,"11691, 11692, 11693, 11694, 11697"
2005-2007,UHF42,501,4,Port Richmond,8.9,,0,"10302, 10303, 10310"
2005-2007,UHF42,502,4,Stapleton - St. George,18.9,,0,"10301, 10304, 10305"
2005-2007,UHF42,503,4,Willowbrook,11.9,,0,10314
2005-2007,UHF42,504,4,South Beach - Tottenville,21,,0,"10306, 10307, 10308, 10309, 10312"
2005-2007,Borough,1,1,Bronx,284.6,30.8,0,"10451, 10452, 10453, 10454, 10455, 10456, 10457, 10458, 10459, 10460, 10461, 10462, 10463, 10464, 10465, 10466, 10467, 10468, 10469, 10470, 10471, 10472, 10473, 10474, 10475"
2005-2007,Borough,2,1,Brooklyn,351.7,19.6,0,"11201, 11203, 11204, 11205, 11206, 11207, 11208, 11209, 11210, 11211, 11212, 11213, 11214, 11215, 11216, 11217, 11218, 11219, 11220, 11221, 11222, 11223, 11224, 11225, 11226, 11228, 11229, 11230, 11231, 11232, 11233, 11234, 11235, 11236, 11237, 11238, 11239, 11249"
2005-2007,Borough,3,1,Manhattan,237.3,18.3,0,"10001, 10002, 10003, 10004, 10005, 10006, 10007, 10009, 10010, 10011, 10012, 10013, 10014, 10016, 10017, 10018, 10019, 10020, 10021, 10022, 10023, 10024, 10025, 10026, 10027, 10028, 10029, 10030, 10031, 10032, 10033, 10034, 10035, 10036, 10037, 10038, 10039, 10040, 10044, 10048, 10065, 10075, 10128, 10280, 10282"
2005-2007,Borough,4,1,Queens,269.4,15.7,0,"11001, 11004, 11005, 11101, 11102, 11103, 11104, 11105, 11106, 11109, 11351, 11354, 11355, 11356, 11357, 11358, 11359, 11360, 11361, 11362, 11363, 11364, 11365, 11366, 11367, 11368, 11369, 11370, 11371, 11372, 11373, 11374, 11375, 11377, 11378, 11379, 11385, 11411, 11412, 11413, 11414, 11415, 11416, 11417, 11418, 11419, 11420, 11421, 11422, 11423, 11426, 11427, 11428, 11429, 11430, 11432, 11433, 11434, 11435, 11436, 11691, 11692, 11693, 11694, 11697"
2005-2007,Borough,5,1,Staten Island,60.8,17.5,0,"10301, 10302, 10303, 10304, 10305, 10306, 10307, 10308, 10309, 10310, 10312, 10314"
2005-2007,Citywide,1,0,New York City,"1,203.80",19.8,0,"10001-10475, 11004-11109, 11354-11436, 11691-11697"
